Variable_1,Variable_2,Pearson_r,Spearman_rho
Damage_Ratio,Damage_Ratio,1.0,1.0
Damage_Ratio,Dist_km,-0.8508,-0.8772
Damage_Ratio,Delta_P,0.4897,0.5078
Damage_Ratio,Pop_Dens,-0.248,-0.2558
Damage_Ratio,ln_Pop_Dens,-0.2623,-0.2558
Dist_km,Damage_Ratio,-0.8508,-0.8772
Dist_km,Dist_km,1.0,1.0
Dist_km,Delta_P,-0.3117,-0.2846
Dist_km,Pop_Dens,0.2149,0.2812
Dist_km,ln_Pop_Dens,0.2435,0.2812
Delta_P,Damage_Ratio,0.4897,0.5078
Delta_P,Dist_km,-0.3117,-0.2846
Delta_P,Delta_P,1.0,1.0
Delta_P,Pop_Dens,-0.2585,-0.342
Delta_P,ln_Pop_Dens,-0.2933,-0.342
Pop_Dens,Damage_Ratio,-0.248,-0.2558
Pop_Dens,Dist_km,0.2149,0.2812
Pop_Dens,Delta_P,-0.2585,-0.342
Pop_Dens,Pop_Dens,1.0,1.0
Pop_Dens,ln_Pop_Dens,0.8972,1.0
ln_Pop_Dens,Damage_Ratio,-0.2623,-0.2558
ln_Pop_Dens,Dist_km,0.2435,0.2812
ln_Pop_Dens,Delta_P,-0.2933,-0.342
ln_Pop_Dens,Pop_Dens,0.8972,1.0
ln_Pop_Dens,ln_Pop_Dens,1.0,1.0
