Variable,Count,Mean,Std_Dev,Median,Q25,Q75,IQR,Min,Max,Skewness,Kurtosis
land_area_km2,122,87.4503,22.4086,100.0,81.1017,100.0,18.8983,26.4473,100.0,-1.6384,1.2438
total_buildings,122,47.3197,13.9042,49.0,41.25,57.75,16.5,12.0,71.0,-0.7846,-0.0295
damaged_buildings,122,15.9262,11.2199,14.0,7.0,22.75,15.75,0.0,44.0,0.6729,-0.4613
Damage_Ratio,122,0.3303,0.2074,0.3204,0.1641,0.4565,0.2924,0.0,0.8605,0.4678,-0.6266
Dist_km,122,53.0619,34.0435,50.5979,23.3092,80.5152,57.206,0.6376,120.039,0.2059,-1.1238
Delta_P,122,113.3779,5.5847,114.5046,109.2415,118.0998,8.8583,100.1916,121.25,-0.3966,-0.9241
DeltaP_x_Dist,122,5957.2813,3684.8783,5963.57,2704.4552,9227.2935,6522.8383,69.6365,12670.9023,0.0621,-1.2351
Pop_Dens,122,398.0978,598.013,129.2997,99.0131,368.1123,269.0992,63.9765,2965.6752,2.7082,7.1898
ln_Pop_Dens,122,5.3547,0.9956,4.8698,4.6053,5.9111,1.3058,4.174,7.9952,1.1371,0.1525
