cell_id,parish,centroid_x,centroid_y,land_area_km2,total_buildings,damaged_buildings,Damage_Ratio,Dist_km,Delta_P,DeltaP_x_Dist,Pop_Dens,ln_Pop_Dens,Delta_P_c,Dist_km_c,DeltaP_x_Dist_c,hat_y_ols,hat_y_frac,residual_frac,abs_residual_frac,basis_risk_category
0,Westmoreland,611173.130767931,682008.9797884177,79.12419168444396,40,10,0.25,9.815218560219822,103.4536171115874,1015.4198627955276,115.78055950126264,4.760296613914839,-9.924322951712156,-43.24671076881417,429.1943242689997,0.3406568984853898,0.34827332376614906,-0.09827332376614906,0.09827332376614906,Concordant Alignment
1,Hanover,612303.1350870185,690173.1504048732,34.269665923180355,17,10,0.5882352941176471,3.3965194789060016,101.76430478794146,345.64444346957043,100.15594482421876,4.616663334246774,-11.613635275358106,-49.66540985012799,576.7959558005643,0.3210824938754714,0.3453097142630893,0.24292557985455776,0.24292557985455776,Severe Under-Coverage
2,Westmoreland,620291.7322413854,675279.1444335507,41.3484948998324,22,10,0.4545454545454545,7.788297763192152,107.0969027252802,834.1025679401072,96.31883726728724,4.577992570323268,-6.28103733801936,-45.27363156584183,284.3653702927844,0.4236539363738027,0.431551684751567,0.022993769793887453,0.022993769793887453,Concordant Alignment
3,Westmoreland,620244.5274522443,682436.8912316016,100.0,60,20,0.3333333333333333,2.9166040413589545,105.38339260246369,307.3616287564629,96.03950639204544,4.575118177978643,-7.994547460835875,-50.14532528767504,400.8891829513714,0.40360816617380546,0.423435441181786,-0.09010210784845268,0.09010210784845268,Concordant Alignment
4,Hanover,620448.5413458727,692254.4568869047,95.22438633529735,48,20,0.4166666666666667,3.961108091346823,103.09333215318247,408.3638321558767,96.02049097521552,4.574922203361012,-10.284607910117089,-49.10082123768717,504.9826944943625,0.34915807425392653,0.3688337936252046,0.04783287304146211,0.04783287304146211,Concordant Alignment
5,Westmoreland,630341.254771527,675638.1559439246,35.72445925045143,14,9,0.6428571428571429,0.6375742660817076,109.22105021172284,69.63653092941254,69.0079601199128,4.24860895158294,-4.156889851576722,-52.42435506295228,217.92226953664107,0.4991371971683246,0.5171814887814771,0.12567565407566583,0.12567565407566583,Severe Under-Coverage
6,Westmoreland,630244.5274522443,682436.8912316016,100.0,56,24,0.4285714285714285,4.364871469189033,107.62293993498736,469.76029995247137,79.73634292140152,4.391188819890688,-5.755000128312204,-48.69705785984495,280.2515742318345,0.4479131408829286,0.4605712072670591,-0.03199977869563059,0.03199977869563059,Concordant Alignment
7,Hanover,630244.5274522443,692436.8912316016,100.0,58,24,0.4137931034482758,11.21907560893348,105.24378566353435,1180.7379887295815,125.15435606060606,4.837506205292367,-8.134154399765208,-41.84285372010051,340.35623268608754,0.37332373858518264,0.37754196285232233,0.03625114059595347,0.03625114059595347,Concordant Alignment
8,Hanover,630347.8843473807,699104.570874585,31.14104763331516,27,9,0.3333333333333333,15.86449842015432,103.68058907908596,1644.8405416458286,162.50941685267858,5.0968705841079815,-9.6973509842136,-37.19743090887967,360.7165432344416,0.3282719411656002,0.326825558380248,0.006507774953085299,0.006507774953085299,Concordant Alignment
9,Westmoreland,641351.5969984367,673420.0268637674,68.98051273845988,28,17,0.6071428571428571,4.5735140619945325,112.39954003801417,514.0608769255751,68.32213070518092,4.238764201610758,-0.9784000252853956,-48.48841526703946,47.44106672332017,0.55226222356508,0.5619147056344088,0.04522815150844828,0.04522815150844828,Concordant Alignment
10,Westmoreland,640244.5274522443,682436.8912316016,100.0,65,38,0.5846153846153846,10.880379366170583,110.31071094637014,1200.222383248493,116.31961034349172,4.764901922790163,-3.067229116929425,-42.1815499628634,129.38047824330795,0.4782017568424759,0.48442357236890815,0.1001918122464765,0.1001918122464765,Severe Under-Coverage
11,Hanover,640244.5274522443,692436.8912316016,100.0,35,16,0.4571428571428571,18.500551119481468,107.48333299605792,1988.500896585819,363.2007683367768,5.897705276947452,-5.894607067241637,-34.561378209552515,203.72574424763937,0.39293218343141184,0.398509099401669,0.058633757741188064,0.058633757741188064,Concordant Alignment
12,Hanover,640442.1451586594,699025.7626234288,31.44742649296617,19,9,0.4736842105263157,23.160592925463312,105.9599962651921,2454.096339881727,600.34091796875,6.399162024904988,-7.417943798107458,-29.901336403570674,221.80643292999187,0.3492833581886722,0.35129761481865335,0.12238659570766236,0.12238659570766236,Severe Under-Coverage
13,St. Elizabeth,650695.7848189583,662812.0235506551,89.19106179938866,46,32,0.6956521739130435,2.2182508381183306,116.852537221719,259.2082386283316,90.63781840861344,4.51784405119775,3.474597158419442,-50.84367849091566,-176.6613008081273,0.6659071374394068,0.6752692945186439,0.020382879394399533,0.020382879394399533,Concordant Alignment
14,Westmoreland,650244.5274522443,672436.8912316016,100.0,42,33,0.7857142857142857,9.410414163091314,114.80412370512715,1080.3543516960158,91.3619123931624,4.525714690131204,1.426183641827592,-43.65151516594267,-62.25507687065648,0.5782593278473668,0.5859299721320438,0.1997843135822419,0.1997843135822419,Severe Under-Coverage
15,Westmoreland,650244.5274522443,682436.8912316016,100.0,61,33,0.5409836065573771,17.17816297540705,112.79221684134755,1937.5630832581203,201.54685885847107,5.310971261547561,-0.5857232219520085,-35.88376635362694,21.017955244419447,0.49733004388605917,0.504819475539673,0.036164131017704104,0.036164131017704104,Concordant Alignment
16,St. James,650244.5274522443,692436.8912316016,100.0,71,32,0.4507042253521127,24.945911787722792,110.7803099775681,2763.515840517001,768.8392949380166,6.646181785192505,-2.597630085731467,-28.116017541311194,73.03501305626362,0.42539682198050216,0.436661606636027,0.014042618716085697,0.014042618716085697,Concordant Alignment
17,St. James,651719.3429286638,700705.9986270978,46.86788060259552,25,13,0.52,32.297953576154804,109.48261891480922,3536.0645431063563,1342.4741908482142,7.203014217486368,-3.895321148490339,-20.763975752879183,80.88235387693089,0.37220630540850186,0.3760082789525568,0.14399172104744323,0.14399172104744323,Severe Under-Coverage
18,St. Elizabeth,661420.6664314421,653603.8604112841,63.60839973826222,35,26,0.7428571428571429,1.8545292602029688,121.23905582791632,224.84137651225208,87.02001953125,4.477564283278513,7.8611157646167555,-51.20740006883102,-402.5472999461247,0.7679576953747078,0.7565215974915597,-0.01366445463441679,0.01366445463441679,Concordant Alignment
19,St. Elizabeth,660244.5274522443,662436.8912316016,100.0,57,43,0.7543859649122807,7.94044896001204,119.29753646388416,947.2759993466474,104.3649761105372,4.657430285918616,5.919596400584595,-45.121480369021945,-267.1009527815108,0.682413253282225,0.6877283285958888,0.06665763631639188,0.06665763631639188,Concordant Alignment
20,St. Elizabeth,660244.5274522443,672436.8912316016,100.0,54,43,0.7962962962962963,15.708197772327775,117.28562960010458,1842.3458656104235,120.27769027217742,4.798082877123145,3.907689536805023,-37.35373155670621,-145.96678596476443,0.5906326405773948,0.5981905937459574,0.19810570255033888,0.19810570255033888,Severe Under-Coverage
21,St. James,660244.5274522443,682436.8912316016,100.0,53,31,0.5849056603773585,23.47594658464352,115.27372273632513,2706.1597575709748,200.8103693181818,5.307328490733095,1.8957826730255647,-29.58598274439047,-56.0885934512488,0.5074627826765645,0.5117514071864254,0.07315425319093305,0.07315425319093305,Concordant Alignment
22,St. James,660244.5274522443,692436.8912316016,100.0,61,20,0.3278688524590163,31.243695396959254,113.26181587254564,3538.717675228301,594.2670454545455,6.389010120747896,-0.1161241907539221,-21.818233932074733,2.5336247590419423,0.4333367507151904,0.4382226115799124,-0.11035375912089607,0.11035375912089607,Windfall Over-Coverage
23,St. James,660254.7774253951,702426.4579003165,99.78390236941792,56,22,0.3928571428571428,39.00979507089555,111.25455163472829,4340.017259975118,970.6048177083334,6.878949155646327,-2.1233884285712747,-14.052134258138436,29.83813928046116,0.36585168764998954,0.3606164390443052,0.03224070381283761,0.03224070381283761,Concordant Alignment
24,St. Elizabeth,670392.399792074,642580.177934784,96.55846459744292,44,28,0.6363636363636364,1.1535958083352449,119.183865361205,137.49000750187827,63.97652911324786,4.174026114121324,5.805925297905432,-51.90833352069874,-301.3759067599374,0.7253092258074431,0.7207178831588159,-0.08435424679517955,0.08435424679517955,Concordant Alignment
25,St. Elizabeth,670244.5274522443,652436.8912316016,100.0,43,37,0.8604651162790697,7.634921437766073,120.25918711738676,918.1694458108576,83.54363055268595,4.437267739008191,6.881247054087197,-45.42700789126791,-312.5944642277832,0.7045414103792623,0.704032853163271,0.15643226311579872,0.15643226311579872,Severe Under-Coverage
26,St. Elizabeth,670244.5274522443,662436.8912316016,100.0,60,41,0.6833333333333333,14.33421531444225,121.25,1738.0236068761228,111.64547552944217,4.724245502107542,7.872059936700438,-38.72771401459174,-304.86688593425976,0.6770677430148977,0.6828337540992068,0.0004995792341265792,0.0004995792341265792,Concordant Alignment
27,St. Elizabeth,670244.5274522443,672436.8912316016,100.0,46,32,0.6956521739130435,22.005981381564244,119.76713549508212,2635.593353828059,128.59638913997935,4.8644249219558,6.389195431782554,-31.055947947469743,-198.42252075565045,0.5947405771796086,0.6034525566781314,0.0921996172349121,0.0921996172349121,Concordant Alignment
28,Trelawny,670244.5274522443,682436.8912316016,100.0,64,35,0.546875,29.773730193879977,117.75522863130266,3506.012406187056,138.8476651278409,4.940553723962232,4.377288568003095,-23.28819913515401,-101.93916784368922,0.5089963687931162,0.5086182666213249,0.03825673337867508,0.03825673337867508,Concordant Alignment
29,Trelawny,670244.5274522443,692436.8912316016,100.0,50,25,0.5,37.54147900619572,115.74332176752318,4345.175484242827,196.77182334710744,5.287113958824768,2.3653817042236227,-15.520450322838265,-36.71178923495325,0.43165436768975407,0.42130958516301453,0.07869041483698547,0.07869041483698547,Concordant Alignment
30,St. James,670115.1708894469,702209.3786008988,95.23154602620536,48,22,0.4583333333333333,45.0510357577253,113.74508841876082,5124.33404561922,256.29330842391306,5.550216712046727,0.3671483554612536,-8.010893571308685,-2.9411864004811124,0.3635363609826576,0.34221226790856907,0.11612106542476425,0.11612106542476425,Severe Under-Coverage
31,St. Elizabeth,680244.5274522443,642436.8912316016,100.0,54,35,0.6481481481481481,8.383074821418157,118.21464067797672,991.0021777905412,106.2506658380682,4.675168766069211,4.836700614677156,-44.67885450761583,-216.09824306005672,0.6565331923655778,0.6644909309508387,-0.016342782802690525,0.016342782802690525,Concordant Alignment
32,St. Elizabeth,680244.5274522443,652436.8912316016,100.0,57,37,0.6491228070175439,15.07016422512,119.29107047451282,1797.7360226412718,171.81448271780303,5.152218664882247,5.91313041121326,-37.99176510391399,-224.6502616116245,0.6344571561986178,0.6481124682219482,0.0010103387955956444,0.0010103387955956444,Concordant Alignment
33,St. Elizabeth,680244.5274522443,662436.8912316016,100.0,61,44,0.7213114754098361,21.75725362882184,120.36750027104904,2618.866232064496,158.50837476325756,5.072096427199201,6.989560207749477,-31.304675700212147,-218.8059155907048,0.6075920005482801,0.6203825699038537,0.10092890550598244,0.10092890550598244,Severe Under-Coverage
34,St. Elizabeth,680244.5274522443,672436.8912316016,100.0,65,37,0.5692307692307692,28.47586713202085,121.25,3452.6988897575284,121.2626953125,4.806171970100255,7.872059936700438,-24.58606219701314,-193.5429552223323,0.5733714793628966,0.583115763258112,-0.013884994027342779,0.013884994027342779,Concordant Alignment
35,Trelawny,680244.5274522443,682436.8912316016,100.0,46,20,0.4347826086956521,36.07151380311644,120.2367345262802,4337.121029106364,111.02847184806036,4.718753051917573,6.85879446298064,-16.990415525917548,-116.5337679329036,0.50301029031283,0.5046718112574264,-0.06988920256177433,0.06988920256177433,Concordant Alignment
36,Trelawny,680244.5274522443,692436.8912316016,100.0,53,20,0.3773584905660377,43.839262615432176,118.22482766250062,5182.889267560575,101.32535672778926,4.628157508595593,4.846887599201054,-9.22266671360181,-44.70122892572096,0.42308535780665346,0.409033881597113,-0.031675391031075306,0.031675391031075306,Concordant Alignment
37,Trelawny,680116.6558600133,701045.650642681,71.64542346724184,43,14,0.3255813953488372,50.4457999227607,116.46109403673086,5874.973048562744,92.22310697115384,4.534995619837302,3.083153973431294,-2.616129406273288,-8.065929773961939,0.3606768601679033,0.3338761687271324,-0.008294773378295206,0.008294773378295206,Concordant Alignment
38,Manchester,690867.9372945252,635966.6044361198,26.98187281781553,16,3,0.1875,11.955099335212706,116.48968974085926,1392.645812380081,142.00065665409485,4.962849222236041,3.1117496775597004,-41.10682999382128,-127.9141649787748,0.5987156996170594,0.6109863049168399,-0.4234863049168399,0.4234863049168399,Windfall Over-Coverage
39,Manchester,690244.5274522443,642436.8912316016,100.0,40,25,0.625,15.818317608772084,117.24652403510277,1854.6427557117847,292.3310304752066,5.681301768120621,3.868583971803204,-37.2436117202619,-144.08003935306715,0.5910560307877959,0.6120182735666427,0.012981726433357266,0.012981726433357266,Concordant Alignment
40,Manchester,690244.5274522443,652436.8912316016,100.0,58,33,0.5689655172413793,22.505407012473924,118.32295383163888,2662.906234899194,636.8723527892562,6.458138189329286,4.945013768339322,-30.556522316560063,-151.10242356795726,0.5692338231949947,0.5997328035214337,-0.030767286280054318,0.030767286280054318,Concordant Alignment
41,Manchester,690244.5274522443,662436.8912316016,100.0,54,27,0.5,29.192496416175764,119.39938362817507,3485.5660786590965,438.23534349173553,6.08503535938868,6.021443564875511,-23.869432912858223,-143.72844321035788,0.5413631429157972,0.5653116424498391,-0.06531164244983911,0.06531164244983911,Concordant Alignment
42,Manchester,690244.5274522443,672436.8912316016,100.0,49,27,0.5510204081632653,35.879585819877605,120.4758134247112,4322.622286991487,134.1290353822314,4.906230139581767,7.097873361411644,-17.182343509156382,-121.95809828026536,0.5081753324675862,0.5140148501204747,0.0370055580427906,0.0370055580427906,Concordant Alignment
43,Trelawny,690244.5274522443,682436.8912316016,100.0,55,22,0.4,42.61784003396019,121.25,5167.413104117673,88.44666790140086,4.493642558298355,7.872059936700438,-10.444089295073796,-82.21649691507234,0.4688348228773128,0.4689344050088586,-0.06893440500885856,0.06893440500885856,Concordant Alignment
44,Trelawny,690244.5274522443,692436.8912316016,100.0,44,15,0.3409090909090909,50.13704622466864,120.70633355747816,6051.859025181554,95.35162259615385,4.568004235363658,7.328393494178599,-2.9248831043653496,-21.43469431326393,0.40796085811686983,0.40402915918303894,-0.06312006827394806,0.06312006827394806,Concordant Alignment
45,Trelawny,690235.1222084749,700778.3515596762,66.70812165414524,43,16,0.3720930232558139,56.610559861301525,119.02577551189268,6738.115789653837,102.1589865212912,4.636271356626878,5.6478354485931135,3.5486305322675378,20.042081314100447,0.34622458437085407,0.3334574245749167,0.038635598680897165,0.038635598680897165,Concordant Alignment
46,Manchester,699519.1898268873,635671.6583244347,33.09717690562875,18,8,0.4444444444444444,18.190282532683725,115.62039870673163,2103.1677190169885,165.29488118489584,5.113762605117187,2.242458643432073,-34.87164679635026,-78.19822576918601,0.5444380157542293,0.5525552512140657,-0.10811080676962126,0.10811080676962126,Windfall Over-Coverage
47,Manchester,700244.5274522443,642436.8912316016,100.0,43,23,0.5348837209302325,23.25356039612601,116.2784073922288,2703.886969060538,369.7494834710744,5.915526587817002,2.9004673289292384,-29.80836893290797,-86.45820021856889,0.527544313905712,0.5444706639046851,-0.009586942974452617,0.009586942974452617,Concordant Alignment
48,Manchester,700244.5274522443,652436.8912316016,100.0,61,35,0.5737704918032787,29.94064979982785,117.35483718876492,3513.6800825846244,812.1361699380166,6.700898586221477,3.976897125465357,-23.12127952920613,-91.95095009678089,0.5053571626885917,0.5316695067153641,0.0421009850879146,0.0421009850879146,Concordant Alignment
49,Manchester,700244.5274522443,662436.8912316016,100.0,63,27,0.4285714285714285,36.627739203529686,118.43126698530114,4337.869560681205,537.1798489152893,6.288192795962882,5.053326922001574,-16.4341901255043,-83.04733540250331,0.47701926688113866,0.4954206374607544,-0.06684920888932588,0.06684920888932588,Concordant Alignment
50,St. Ann,700244.5274522443,672436.8912316016,100.0,67,26,0.3880597014925373,43.314828607231526,119.50769678183724,5176.4554033502745,130.0030426782025,4.875220549482584,6.129756718537678,-9.74710072180246,-59.74735613573208,0.44295088315573444,0.4396136680428581,-0.051553966550320796,0.051553966550320796,Concordant Alignment
51,Trelawny,700244.5274522443,682436.8912316016,100.0,66,26,0.3939393939393939,50.00191801093336,120.58412657837346,6029.43761059184,74.13247352789256,4.3192528691439485,7.206186515073895,-3.060011318100628,-22.05101229647024,0.40709784479676364,0.39865793858119714,-0.004718544641803213,0.004718544641803213,Concordant Alignment
52,Trelawny,700244.5274522443,692436.8912316016,100.0,67,28,0.417910447761194,56.759894022099225,121.25,6882.137150179531,96.5837890625,4.580711383952527,7.872059936700438,3.697964693065238,29.11059970761159,0.36514653039351197,0.3646336564011548,0.05327679136003921,0.05327679136003921,Concordant Alignment
53,Trelawny,700107.8128941256,700307.668003231,57.10321310532092,31,8,0.2580645161290322,62.47060230481531,121.25,7574.560529458856,116.47154591181508,4.766196141805515,7.872059936700438,9.408672975781322,74.06563759016423,0.32359549234096835,0.32775610464489324,-0.06969158851586105,0.06969158851586105,Concordant Alignment
54,Manchester,711203.2855988563,634941.8671239344,44.89045403285845,24,10,0.4166666666666667,26.389673513834204,114.41068505000726,3019.260624963804,125.1124855324074,4.837174251014756,1.032744986707698,-26.672255815199783,-27.54563847733282,0.4750782560502291,0.4656075230759313,-0.0489408564092646,0.0489408564092646,Concordant Alignment
55,Manchester,710244.5274522442,642436.8912316016,100.0,51,18,0.3529411764705882,30.68880318347985,115.31029074935486,3538.734817836789,187.3943536931818,5.238537391911747,1.932350686055301,-22.37312614555414,-43.23272565656333,0.4657020819014474,0.46030172932855234,-0.10736055285796414,0.10736055285796414,Windfall Over-Coverage
56,Clarendon,710244.5274522442,652436.8912316016,100.0,53,20,0.3773584905660377,37.37589258718169,116.38672054589097,4350.0575656975525,299.47064393939394,5.705350058485722,3.008780482591405,-15.686036741852298,-47.19584119809687,0.44245506318317596,0.4416368232138372,-0.06427833264779947,0.06427833264779947,Concordant Alignment
57,Clarendon,710244.5274522442,662436.8912316016,100.0,66,21,0.3181818181818182,44.06298199088353,117.46315034242718,5175.776678130814,208.6189334753788,5.345291279833748,4.085210279127622,-8.998947338150458,-36.7625921671404,0.41384593994253777,0.4069646921487091,-0.08878287396689094,0.08878287396689094,Concordant Alignment
58,Clarendon,710244.5274522442,672436.8912316016,100.0,52,19,0.3653846153846153,50.75007139458536,118.53958013896327,6015.89215513656,87.68494022253788,4.485090091614788,5.161640075663712,-2.311857934448625,-11.932978563691153,0.38056885874637614,0.3632378056344817,0.0021468097501335937,0.0021468097501335937,Concordant Alignment
59,St. Ann,710244.5274522442,682436.8912316016,100.0,44,12,0.2727272727272727,57.43716079828721,119.6160099354995,6870.4039967148055,76.63296046401516,4.351992085256789,6.238069872199944,4.375231469253222,27.29299961224962,0.345231143159461,0.3319158591821552,-0.05918858645488251,0.05918858645488251,Concordant Alignment
60,St. Ann,710244.5274522442,692436.8912316016,100.0,57,22,0.3859649122807017,64.12425020198906,120.6924397320356,7739.312202865536,96.30314127604169,4.577831273111133,7.314499668736033,11.06232087295507,80.91534236068156,0.3070506124495492,0.30620199184555275,0.07976292043514893,0.07976292043514893,Concordant Alignment
61,St. Ann,710133.3130574679,699512.719930613,41.06428467178631,24,5,0.2083333333333333,68.7892424092495,121.25,8340.695642121502,111.45128973599138,4.722520147756994,7.872059936700438,15.72731308021551,123.80635121070928,0.277092340392484,0.2855925352995042,-0.07725920196617089,0.07725920196617089,Concordant Alignment
62,Clarendon,720418.9301562477,632610.3986942642,95.87380092089154,61,21,0.3442622950819672,31.565865631385645,112.83245457378212,3561.654099935431,95.46707067757008,4.569201713608653,-0.5454854895174464,-21.496063697648346,11.725790828809911,0.4211684860112594,0.3958645662100234,-0.05160227112805621,0.05160227112805621,Concordant Alignment
63,Clarendon,720244.5274522442,642436.8912316016,100.0,64,15,0.234375,38.12404597083378,114.3421741064808,4359.186302040554,100.3826591554752,4.618902062286673,0.9642340431812356,-14.93788335820021,-14.403615667047085,0.40758708905021945,0.3808202507311432,-0.14644525073114317,0.14644525073114317,Windfall Over-Coverage
64,Clarendon,720244.5274522442,652436.8912316016,100.0,51,17,0.3333333333333333,44.81113537453562,115.418603903017,5172.038684238,107.71255972365702,4.688707332288224,2.040663839717439,-8.25079395449837,-16.837096871904077,0.383113537340826,0.35639041637933716,-0.023057083046003846,0.023057083046003846,Concordant Alignment
65,Clarendon,720244.5274522442,662436.8912316016,100.0,47,14,0.2978723404255319,51.49822477823746,116.49503369955325,5999.2874310079405,103.56145080061984,4.64977494451255,3.117093636253685,-1.5637045507965297,-4.8742135042687895,0.3548035799257877,0.32952178509196883,-0.03164944466643693,0.03164944466643693,Concordant Alignment
66,St. Ann,720244.5274522442,672436.8912316016,100.0,54,11,0.2037037037037037,58.18531418193929,117.57146349608934,6840.932542350364,97.55610795454544,4.590626009907944,4.193523432789775,5.123384852905303,21.485034435858584,0.32284528281256425,0.30206835121630765,-0.09836464751260396,0.09836464751260396,Concordant Alignment
67,St. Ann,720244.5274522442,682436.8912316016,100.0,60,17,0.2833333333333333,64.87240358564114,118.64789329262555,7696.9740182652895,96.03119350464875,4.575032509328959,5.269953229325992,11.81047425660715,62.24064694847835,0.28737413166891346,0.2753239867914623,0.00800934654187102,0.00800934654187102,Concordant Alignment
68,St. Ann,720244.5274522442,692436.8912316016,100.0,62,20,0.3225806451612903,71.55949298934298,119.72432308916166,8567.411858752697,94.9376775568182,4.563698788534912,6.346383025862096,18.497563660309,117.39262403358856,0.2483066415868325,0.24896557726486557,0.07361506789642475,0.07361506789642475,Concordant Alignment
69,St. Ann,719984.1782424073,699505.1306333168,40.86129863605546,21,6,0.2857142857142857,76.09251191148341,120.5103742795676,9169.937090325322,94.91698279747597,4.563483054818731,7.132434216268038,23.030582582449423,164.264115231649,0.22002450282735794,0.23211023046109078,0.05360405525319492,0.05360405525319492,Concordant Alignment
70,Clarendon,730183.0641235412,622192.3072816011,70.71448443680664,40,7,0.175,30.57770356323516,110.646279267806,3383.3091278259035,99.59642731741572,4.611116743291628,-2.731660795493568,-22.484225765798826,61.41927804145899,0.3923871030874482,0.3632235796521362,-0.1882235796521362,0.1882235796521362,Windfall Over-Coverage
71,Clarendon,729325.1524820192,632779.8198910939,80.05364979833418,39,5,0.1282051282051282,37.75122459405368,111.8486290845782,4222.422717108916,95.10391063904494,4.565430008582682,-1.5293109787213552,-15.310704734980304,23.41482884316642,0.37521454465066983,0.33984659493859815,-0.21164146673346995,0.21164146673346995,Windfall Over-Coverage
72,Clarendon,730244.5274522442,642436.8912316016,100.0,42,10,0.238095238095238,45.45257061442037,112.7539341320744,5124.956153191814,130.63405539772728,4.880025765031536,-0.624005931225156,-7.60935871461362,4.7482849707387285,0.3481749388034294,0.3136112094621447,-0.07551597136690671,0.07551597136690671,Concordant Alignment
73,Clarendon,730244.5274522442,652436.8912316016,100.0,55,11,0.2,52.246378161889545,114.45048726014306,5979.6234382059565,153.25842587809916,5.038629286111115,1.0725471968435016,-0.8155511671444415,-0.8747171182032168,0.33028071202302506,0.3011825632718012,-0.1011825632718012,0.1011825632718012,Windfall Over-Coverage
74,St. Catherine,730244.5274522442,662436.8912316016,100.0,52,15,0.2884615384615384,58.93346756559137,115.52691705667915,6808.401819312567,140.10038416838842,4.949471581522592,2.1489769933795912,5.8715382365573845,12.617800586110397,0.30148097153449155,0.27581993005139216,0.012641608410146221,0.012641608410146221,Concordant Alignment
75,St. Ann,730244.5274522442,672436.8912316016,100.0,58,13,0.2241379310344827,65.62055696929322,116.60334685321538,7651.576564991677,127.98970170454544,4.859732569427239,3.225406789915823,12.558627640259232,40.506682862916655,0.2690746070585853,0.2506185751245165,-0.02648064409003381,0.02648064409003381,Concordant Alignment
76,St. Ann,730244.5274522442,682436.8912316016,100.0,61,15,0.2459016393442623,72.30764637299505,117.6797766497516,8509.147675243279,115.29843265754133,4.756159582714472,4.3018365864520405,19.245717043961065,82.79192971221532,0.23303346286877816,0.22570731964876717,0.020194319695495122,0.020194319695495122,Concordant Alignment
77,St. Ann,730193.2845747399,692379.5249566109,98.78594635869976,55,18,0.3272727272727272,78.91827411219813,118.75499227777016,9371.939032769038,93.70901988636363,4.550809242608427,5.377052214470595,25.856344783164147,139.03091597442798,0.19368034816422172,0.20074053151455432,0.1265321957581729,0.1265321957581729,Severe Under-Coverage
78,St. Catherine,740077.6292294064,643182.2746149319,84.29949469411028,36,14,0.3888888888888889,52.69073004635034,111.72603909154304,5886.92656492048,594.7015840022935,6.389739843691529,-1.6519009717565185,-0.3711992826836479,0.6131844557804405,0.3033040011006838,0.28107884090892093,0.10781004797996796,0.10781004797996796,Severe Under-Coverage
79,St. Catherine,740244.5274522442,652436.8912316016,100.0,64,16,0.25,59.5850947031511,112.67392479709918,6713.686479610879,656.1844815340909,6.487964772880808,-0.7040152662003862,6.523165374117113,-4.592408007328201,0.2771932655829267,0.25823905951605036,-0.008239059516050362,0.008239059516050362,Concordant Alignment
80,St. Catherine,740244.5274522442,662436.8912316016,100.0,52,15,0.2884615384615384,66.36871035294531,114.55880041380522,7603.11984304471,380.8864228219697,5.945123241941914,1.180860350505654,13.306781023911329,15.713450103997912,0.2532423314277968,0.23809320826051952,0.05036833020101886,0.05036833020101886,Concordant Alignment
81,St. Catherine,740244.5274522442,672436.8912316016,100.0,62,10,0.1612903225806451,73.05579975664715,115.63523021034143,8447.8242230605,181.9839754971591,5.209398583418037,2.257290147041872,19.99387042761316,45.13196671748303,0.21908047149188659,0.2073569447411939,-0.0460666221605488,0.0460666221605488,Concordant Alignment
82,St. Ann,740244.5274522442,682436.8912316016,100.0,57,9,0.1578947368421052,79.74288916034898,116.71166000687754,9306.92496764877,123.67972449100378,4.825748245167819,3.333719943577975,26.680959831315,88.94684790345764,0.18206121603190392,0.18251355738707378,-0.024618820544968584,0.024618820544968584,Concordant Alignment
83,St. Ann,740324.3241914461,691718.944911205,85.41515106029576,49,5,0.1020408163265306,86.00921225385623,117.70308266712811,10123.549420050207,95.31284360532408,4.567601680682786,4.325142603828553,32.94728292482225,142.5016970585417,0.14428519420693156,0.16148573641059097,-0.05944492008406037,0.05944492008406037,Concordant Alignment
84,St. Catherine,750988.177281294,635156.4476358113,38.657851085689856,23,6,0.2608695652173913,54.23556458669644,109.660821686419,5947.51657720398,1101.6062677556818,7.005431990662991,-3.7171183768805633,1.173635257662454,-4.362541184012063,0.27702428319421596,0.25479624904737486,0.006073316170016441,0.006073316170016441,Concordant Alignment
85,St. Catherine,750287.1674938605,642480.4828150984,99.05880325872262,57,15,0.2631578947368421,59.12474421565153,110.50465419063482,6533.5594136603095,1774.411328125,7.481787409218234,-2.873285872664738,6.062814886617545,-17.420200362299656,0.26342376776281706,0.24783944717948247,0.015318447557359616,0.015318447557359616,Concordant Alignment
86,St. Catherine,750244.5274522442,652436.8912316016,100.0,61,9,0.1475409836065573,66.3907023396094,111.54940571170948,7405.843390766429,1931.530604338843,7.56658561699276,-1.8285343515900792,13.328773010575418,-24.37211931438387,0.23668813518274012,0.22616607385244128,-0.07862509024588399,0.07862509024588399,Concordant Alignment
87,St. Catherine,750244.5274522442,662436.8912316016,100.0,53,10,0.1886792452830188,73.71761879188183,112.59391546212407,8300.155338322233,992.1113119834712,6.900842754422904,-0.7840246011754886,20.65568946284785,-16.194568693114025,0.20423900219245478,0.1957503015376224,-0.007071056254603608,0.007071056254603608,Concordant Alignment
88,St. Catherine,750244.5274522442,672436.8912316016,100.0,58,11,0.1896551724137931,80.49104254400106,114.66711356746748,9229.675516556828,306.7468362603305,5.729277484785338,1.2891735041679198,27.429113214967074,35.3608859995577,0.17305334777511527,0.17253288810178208,0.017122284312011016,0.017122284312011016,Concordant Alignment
89,St. Mary,750244.5274522442,682436.8912316016,100.0,51,13,0.2549019607843137,87.17813194770291,115.7435433640036,10090.305895481775,127.135847107438,4.853091006659923,2.365603300704038,34.11620261866892,80.70540152221093,0.13460460537146246,0.1464369688331784,0.10846499195113532,0.10846499195113532,Severe Under-Coverage
90,St. Mary,750006.0123904806,691517.3008488235,81.00831385789965,35,5,0.1428571428571428,93.07294130169733,116.74407675176371,10865.71460283775,97.68873411744504,4.59197079724427,3.3661366884641524,40.01101197266334,134.68253534376052,0.09880343154032102,0.13008279497111647,0.012774347886026327,0.012774347886026327,Concordant Alignment
91,St. Catherine,759230.1339535486,642973.5275811057,76.72672219947871,43,8,0.1860465116279069,65.57222607949254,109.55049955079151,7183.470123665848,2819.082540760869,7.944521433277166,-3.827440512508048,12.51029675045855,-47.88241660620284,0.2279036515811104,0.21349297763659533,-0.02744646600868844,0.02744646600868844,Concordant Alignment
92,St. Catherine,760244.5274522442,652436.8912316016,100.0,58,10,0.1724137931034483,73.19630997606767,110.4248866263198,8082.694230572232,2932.7711776859505,7.984043965779469,-2.953053436979758,20.13438064703368,-59.45790197118153,0.19861155698238334,0.19054939151496994,-0.018135598411521653,0.018135598411521653,Concordant Alignment
93,St. Catherine,760244.5274522442,662436.8912316016,100.0,51,8,0.1568627450980392,80.52322642834011,111.46939637673428,8975.875444274168,1529.2951962809918,7.333215934521942,-1.908543686565281,27.461297099306123,-52.41108520377416,0.16647728915564886,0.1641264726988257,-0.007263727600786474,0.007263727600786474,Concordant Alignment
94,St. Mary,760244.5274522442,672436.8912316016,100.0,48,9,0.1875,87.85014288061257,112.51390612714886,9884.362729325856,454.2033832644628,6.120744315263549,-0.8640339361507046,34.78821355157858,-30.05819708662172,0.12931657744508515,0.13506195939951157,0.05243804060048843,0.05243804060048843,Concordant Alignment
95,St. Mary,760244.5274522442,682436.8912316016,100.0,45,5,0.1111111111111111,94.61337473505684,114.77542672112963,10859.290458742296,138.28095945247935,4.9364931840955935,1.397486657830072,41.55144540602285,58.06759056847157,0.09087248376180682,0.11755489001285806,-0.006443778901746952,0.006443778901746952,Concordant Alignment
96,St. Mary,759284.6720791167,691139.8814663633,63.95584555652356,41,8,0.1951219512195122,99.7194663390015,115.80516771804344,11548.029524141855,100.90182247677365,4.624009825022363,2.4272276547438736,46.65753700996751,113.24846413282891,0.05918931269550866,0.10584859400855148,0.08927335721096072,0.08927335721096072,Concordant Alignment
97,St. Andrew,770272.6582403883,652490.507878542,98.82406198521144,64,12,0.1875,80.06034679244554,109.30280449116594,8750.82043294962,2965.675240384616,7.995197157065231,-4.075135572133618,26.99841746341156,-110.02221139646193,0.16325843040187316,0.15617020366143536,0.03132979633856464,0.03132979633856464,Concordant Alignment
98,St. Andrew,770244.5274522442,662436.8912316016,100.0,55,7,0.1272727272727272,87.32883406479841,110.34487729134456,9636.289478876372,1625.558712121212,7.394221842477541,-3.0330627719550023,34.26690473576443,-103.93367306417564,0.13175980778791377,0.13436485728408282,-0.007092130011355613,0.007092130011355613,Concordant Alignment
99,St. Mary,770244.5274522442,672436.8912316016,100.0,48,5,0.1041666666666666,94.65575051707086,111.38938704175916,10543.6460300742,525.990175189394,6.267181905463206,-1.9885530215403973,41.59382118803687,-82.71151880088172,0.09506377660665365,0.11053733825906008,-0.006370671592393476,0.006370671592393476,Concordant Alignment
100,St. Mary,769055.6552416423,681640.7063054036,70.25374513533993,42,4,0.0952380952380952,100.5902091463376,112.4844254494102,11314.831881661792,162.70151909722222,5.098044764097149,-0.8935146138893657,47.52827981730361,-42.46721258978377,0.061499230148072744,0.09300381906342306,0.002234276174672145,0.002234276174672145,Concordant Alignment
101,Kingston,781435.6848253555,645758.0499504523,27.60523070076277,18,1,0.0555555555555555,82.72464901395438,107.34428905160053,8880.018635446118,2251.376041666667,7.719740956521666,-6.033651011699035,29.66271968492039,-178.9744986366648,0.1461529143712021,0.1322413322054586,-0.07668577664990311,0.07668577664990311,Concordant Alignment
102,St. Andrew,780244.5274522442,652436.8912316016,100.0,44,6,0.1363636363636363,86.80752524898426,108.1758484555404,9390.47769613462,2167.869834710744,7.681961497366695,-5.202091607759158,33.74559591995028,-175.547681334005,0.13154244941774368,0.12546018384010837,0.010903452523527923,0.010903452523527923,Concordant Alignment
103,Portland,780244.5274522442,662436.8912316016,100.0,52,9,0.173076923076923,94.13444170125668,109.22035820595488,10281.397442128831,1229.766012396694,7.115392028829277,-4.157581857344681,41.07251237222269,-170.762332274318,0.10015354790394482,0.10755465546805502,0.06552226760886797,0.06552226760886797,Concordant Alignment
104,Portland,780243.8557318996,672436.2251743422,99.98646514310283,53,5,0.0943396226415094,101.46041299242928,110.26487392227398,11187.519646712062,438.0528150826447,6.084619713544121,-3.113066141025584,48.3984836633953,-150.66768076949575,0.06394954754241466,0.08860512239798275,0.005734500243526647,0.005734500243526647,Concordant Alignment
105,St. Thomas,790932.5182350226,643103.7760770654,81.38175945085781,39,2,0.0512820512820512,87.24305692027902,105.99911051550453,9247.686432203109,1009.6644694010416,6.918363284016303,-7.378829547795036,34.18112759124503,-252.21671424723093,0.1251391976187092,0.10700969336755271,-0.055727642085501516,0.055727642085501516,Concordant Alignment
106,St. Thomas,790244.5274522442,652436.8912316016,100.0,49,4,0.0816326530612244,93.61313288544255,107.05132937015073,10021.410321891197,1043.8599560950413,6.951638142112145,-6.326610693148837,40.551203556408566,-256.5516780400296,0.10252701219723802,0.09784484726280736,-0.016212194201582958,0.016212194201582958,Concordant Alignment
107,Portland,790244.5274522442,662436.8912316016,100.0,47,7,0.1489361702127659,100.94004933771498,108.0958391205652,10911.199334031551,630.1526988636364,6.447547828294674,-5.28210094273436,47.878120008681,-252.8970628342027,0.07155402781419995,0.08389169327222817,0.06504447694053772,0.06504447694053772,Concordant Alignment
108,Portland,790017.4825869536,671398.2989948073,78.2809511616205,35,3,0.0857142857142857,107.35148010838633,109.057398527602,11707.473148708226,302.01382211538464,5.713778422011444,-4.320541535697558,54.28955077935234,-234.5602590965535,0.04051080214855222,0.0715253522720649,0.014188933442220802,0.014188933442220802,Concordant Alignment
109,St. Thomas,800444.30363963,635980.753838028,26.447299209559585,12,0,0.0,88.49742597556332,104.18548547503394,9220.147288554945,245.01564025878903,5.50539511219911,-9.19245458826562,35.43549664652933,-325.7391937358595,0.11577838967071989,0.08719453559328887,-0.08719453559328887,0.08719453559328887,Concordant Alignment
110,St. Thomas,800244.5274522442,642436.8912316016,100.0,48,2,0.0416666666666666,93.0918240696284,104.88230053434644,9763.68466936127,315.4656131628788,5.757214588487002,-8.49563952895312,40.029894740594415,-340.0795560980265,0.10214442870426933,0.08294884336599082,-0.04128217669932421,0.04128217669932421,Concordant Alignment
111,St. Thomas,800244.5274522442,652436.8912316016,100.0,46,2,0.0434782608695652,100.41874052190084,105.9268102847609,10637.036876298023,325.3351384943182,5.787924885494655,-7.451129778538657,47.35681119286686,-352.861746095803,0.07642403753304977,0.07406154760376497,-0.03058328673419977,0.03058328673419977,Concordant Alignment
112,Portland,800244.5274522442,662436.8912316016,100.0,48,4,0.0833333333333333,107.7456569741733,106.9713200351755,11525.695154584531,244.9341856060606,5.505063961950892,-6.406620028124067,54.683727645139314,-350.33786474383123,0.04620424036995645,0.06425422401637695,0.019079109316956347,0.019079109316956347,Concordant Alignment
113,Portland,800315.0232786044,669998.9442365436,50.96069148743601,27,2,0.074074074074074,113.3342867250814,107.75325645463865,12212.138462591243,182.64951923076924,5.213029154406378,-5.624683608660916,60.27235739604741,-339.01294070090046,0.020491044889578446,0.057023069051231334,0.017051005022842666,0.017051005022842666,Concordant Alignment
114,St. Thomas,810244.5274522442,642436.8912316016,100.0,69,5,0.072463768115942,99.89743170608668,103.75778144895672,10365.135886272225,104.11617058367769,4.655066125074248,-9.62015861434284,46.83550237705269,-450.5649616496781,0.07972228598595427,0.0631685983529887,0.009295169762953304,0.009295169762953304,Concordant Alignment
115,St. Thomas,810244.5274522442,652436.8912316016,100.0,45,2,0.0444444444444444,107.22434815835916,104.8022911993712,11237.357359355115,117.14420034865702,4.771905915239418,-8.575648863928365,54.162418829325176,-464.4778855013147,0.054468057866241704,0.05663144613733426,-0.01218700169288986,0.01218700169288986,Concordant Alignment
116,Portland,810244.5274522442,662436.8912316016,100.0,49,2,0.0408163265306122,114.5512646106316,105.8468009497858,12124.884903787764,124.95228564049587,4.835903149839168,-7.53113911351376,61.48933528159762,-463.08473800320144,0.025268350366391745,0.05022537112266324,-0.009409044592051038,0.009409044592051038,Concordant Alignment
117,Portland,809624.6647606988,668910.0193558255,27.29503763117391,12,0,0.0,118.87221727902224,106.5926302366256,12670.902301830634,128.44846888950892,4.863282878313838,-6.785309826673966,65.81028794998825,-446.5431935232986,0.005380247489365446,0.04682107029963305,-0.04682107029963305,0.04682107029963305,Concordant Alignment
118,St. Thomas,820230.7525975525,642474.1479218499,99.20894652484868,47,3,0.0638297872340425,106.43383284061126,101.5372565976022,10806.999395803448,98.81861979166666,4.603354736973987,-11.840683465697367,53.37190351157727,-631.9598154423282,0.06784016938608989,0.04979221344786166,0.014037573786180847,0.014037573786180847,Concordant Alignment
119,Portland,820244.5274522442,652436.8912316016,100.0,58,3,0.0517241379310344,114.02995579481744,103.67777211398152,11822.37177106247,98.18651536673552,4.597002071247921,-9.700167949318043,60.96802646578345,-591.4000962565668,0.03813226854483872,0.046008791493320975,0.005715346437713424,0.005715346437713424,Concordant Alignment
120,Portland,819047.0116235758,661750.5983922661,71.75360814828674,38,3,0.0789473684210526,120.03904893069296,104.78526084860287,12578.323054220868,98.5264892578125,4.600423832429915,-8.592679214696687,66.97711960165897,-575.5129034614291,0.012881527398731702,0.041924181081473576,0.037023187339579024,0.037023187339579024,Concordant Alignment
121,St. Thomas,829130.6864108393,642302.9269470645,71.53986108192323,32,2,0.0625,112.06080113448562,100.19155442833356,11227.54585614848,119.9361559139785,4.795262769272758,-13.186385634966,58.99887180545163,-777.981875654608,0.06120142801184376,0.04248854199314489,0.02001145800685511,0.02001145800685511,Concordant Alignment
