SID,SEASON,NAME,ISO_TIME,NATURE,LAT,LON,WMO_WIND,WMO_PRES,USA_AGENCY,USA_ATCF_ID,USA_LAT,USA_LON,USA_RECORD,USA_STATUS,USA_WIND,USA_PRES,USA_SSHS,USA_R34_NE,USA_R34_SE,USA_R34_SW,USA_R34_NW,USA_R50_NE,USA_R50_SE,USA_R50_SW,USA_R50_NW,USA_R64_NE,USA_R64_SE,USA_R64_SW,USA_R64_NW,STORM_SPEED,STORM_DIR
 ,Year, ,YYYY-MM-DD HH:MM:SS, ,deg_north,deg_east,kts,mb, , ,deg_north,deg_east, , ,kts,mb, ,nmile,nmile,nmile,nmile,nmile,nmile,nmile,nmile,nmile,nmile,nmile,nmile,kts,deg
2025298N12310,2025,MELISSA,2025-10-25 00:00:00,TS,16.80,-76.50,140,925,hurdat_atl,AL132025,16.80,-76.50, ,HU,140,925.0,4,150,140,100,120,80,70,50,60,40,35,25,30,12,305
2025298N12310,2025,MELISSA,2025-10-25 06:00:00,TS,17.25,-77.05,155,910,hurdat_atl,AL132025,17.25,-77.05, ,HU,155,910.0,5,160,150,110,130,90,80,60,70,50,45,30,35,13,310
2025298N12310,2025,MELISSA,2025-10-25 12:00:00,TS,17.65,-77.50,165,900,hurdat_atl,AL132025,17.65,-77.50, ,HU,165,900.0,5,170,160,120,140,100,90,70,80,55,50,35,40,14,315
2025298N12310,2025,MELISSA,2025-10-25 18:00:00,TS,18.02,-77.85,175,892,hurdat_atl,AL132025,18.02,-77.85,L,HU,175,892.0,5,180,170,130,150,110,100,75,85,60,55,40,45,14,320
2025298N12310,2025,MELISSA,2025-10-26 00:00:00,TS,18.25,-78.15,160,905,hurdat_atl,AL132025,18.25,-78.15, ,HU,160,905.0,5,170,160,120,140,100,90,70,80,55,50,35,40,12,325
2025298N12310,2025,MELISSA,2025-10-26 06:00:00,TS,18.55,-78.45,145,920,hurdat_atl,AL132025,18.55,-78.45, ,HU,145,920.0,4,160,150,110,130,90,80,60,70,50,45,30,35,11,330
2025298N12310,2025,MELISSA,2025-10-26 12:00:00,TS,18.95,-78.80,130,935,hurdat_atl,AL132025,18.95,-78.80, ,HU,130,935.0,4,150,140,100,120,80,70,50,60,40,35,25,30,10,335
2025298N12310,2025,MELISSA,2025-10-26 18:00:00,TS,19.40,-79.20,115,950,hurdat_atl,AL132025,19.40,-79.20, ,HU,115,950.0,3,140,130,90,110,70,60,40,50,35,30,20,25,10,340
2024181N10328,2024,BERYL,2024-07-03 00:00:00,TS,16.90,-75.80,130,952,hurdat_atl,AL022024,16.90,-75.80, ,HU,130,952.0,4,150,140,100,120,80,70,50,60,40,35,25,30,18,285
2024181N10328,2024,BERYL,2024-07-03 06:00:00,TS,17.20,-76.60,125,948,hurdat_atl,AL022024,17.20,-76.60, ,HU,125,948.0,4,150,140,100,120,80,70,50,60,40,35,25,30,18,285
2024181N10328,2024,BERYL,2024-07-03 12:00:00,TS,17.42,-77.30,125,945,hurdat_atl,AL022024,17.42,-77.30, ,HU,125,945.0,4,160,150,110,130,90,80,60,70,45,40,30,35,17,285
2024181N10328,2024,BERYL,2024-07-03 18:00:00,TS,17.58,-78.10,120,947,hurdat_atl,AL022024,17.58,-78.10, ,HU,120,947.0,4,150,140,100,120,80,70,50,60,40,35,25,30,17,285
2024181N10328,2024,BERYL,2024-07-04 00:00:00,TS,17.80,-79.00,115,955,hurdat_atl,AL022024,17.80,-79.00, ,HU,115,955.0,3,140,130,90,110,70,60,40,50,35,30,20,25,16,290
2024181N10328,2024,BERYL,2024-07-04 06:00:00,TS,18.15,-80.00,110,960,hurdat_atl,AL022024,18.15,-80.00, ,HU,110,960.0,3,130,120,80,100,60,50,35,40,30,25,15,20,16,290
